Date,1,2,3,4,5,6,7,8,9,10,11,12,13,14,15,16,17,18,19,20,21,22,23,24
2016-01-29 00:00:00+00:00,-0.010862688739330753,-0.02452962444708732,-0.02452962444708732,-0.02452962444708732,-0.02452962444708732,-0.00758976850831731,-0.0325172191735565,-0.03557561992034963,-0.021471223700294192,-0.00758976850831731,-0.00758976850831731,-0.02452962444708732,-0.02452962444708732,-0.02452962444708732,-0.02452962444708732,-0.02452962444708732,-0.02452962444708732,-0.02452962444708732,-0.02452962444708732,-0.02452962444708732,-0.02452962444708732,-0.02452962444708732,-0.02452962444708732,-0.02452962444708732
2016-02-29 00:00:00+00:00,-0.018147139905978677,-0.03952879924540449,-0.03952879924540449,-0.023977965341595575,-0.026884696514003527,-0.026884696514003527,0.022897954862524623,-0.00851949421473641,0.022897954862524623,-0.00851949421473641,-0.00851949421473641,0.00898295102342576,0.00703133968907251,0.00703133968907251,0.00703133968907251,0.00703133968907251,0.00703133968907251,0.00703133968907251,0.00703133968907251,-0.026884696514003527,-0.026884696514003527,-0.026884696514003527,-0.026884696514003527,0.00703133968907251
2016-03-31 00:00:00+00:00,0.05806028260474701,0.05806028260474701,0.056579301209630506,0.056579301209630506,0.05806028260474701,0.1059010890481964,0.1059010890481964,0.114834566015946,0.114834566015946,0.114834566015946,0.114834566015946,0.1163155474110625,0.1163155474110625,0.11518282442774781,0.11518282442774781,0.1187141915322701,0.1059010890481964,0.1187141915322701,0.1059010890481964,0.1059010890481964,0.1059010890481964,0.1059010890481964,0.1059010890481964,0.1059010890481964
2016-04-29 00:00:00+00:00,0.037150665335962264,0.043976335503371836,0.03895812257800542,0.049687022498998694,0.057743583180502725,0.04149521595945607,0.05272537025513631,0.05272537025513631,0.04029371166898154,0.04029371166898154,0.05422251360627805,0.04029371166898154,0.0734798423598424,0.05542401789675259,0.08020236873295856,0.0734798423598424,0.0734798423598424,0.0734798423598424,0.08020236873295856,0.0734798423598424,0.0734798423598424,0.0734798423598424,0.0734798423598424,0.0734798423598424
2016-05-31 00:00:00+00:00,0.012412125008918714,0.005714058732983066,0.006276050808320831,-0.0024428982815802476,-0.007148478369509974,-0.022918402909938778,-0.01821282282200905,-0.028309093248197192,-0.01821282282200905,-0.006403094507170507,-0.006403094507170507,-0.0046651754691873215,-0.0046651754691873215,4.040461874240276e-05,0.012412125008918714,-0.04636849091055436,-0.04580649883521659,-0.04580649883521659,-0.06462171835130581,-0.062157865256299405,-0.06462171835130581,-0.06462171835130581,-0.06462171835130581,-0.06462171835130581
2016-06-30 00:00:00+00:00,0.08042967056003765,0.03918166711663207,0.020044824332947925,-0.023035563172589847,-0.020760145750012875,-0.044850870485672746,-0.044850870485672746,-0.047822319494523716,-0.0552723476317483,-0.0552723476317483,0.040277451849330924,-0.045311699960802344,0.038576942943924886,-0.045311699960802344,0.005765249967595497,0.036066323410203514,0.04840588942891714,0.005765249967595497,0.03903777241905448,0.03903777241905448,0.03903777241905448,0.005765249967595497,0.005765249967595497,0.005765249967595497
2016-07-29 00:00:00+00:00,0.04948309951994119,0.04948309951994119,0.022861379925477394,0.04948309951994119,0.04948309951994119,0.04948309951994119,0.04948309951994119,0.04948309951994119,0.033326987821590784,0.04948309951994119,0.04948309951994119,0.03864329999714348,0.03864329999714348,0.03864329999714348,0.04948309951994119,0.04948309951994119,0.04948309951994119,0.04948309951994119,0.057927094832683684,0.057927094832683684,0.022861379925477394,0.057927094832683684,0.057927094832683684,0.057927094832683684
2016-08-31 00:00:00+00:00,-0.00348195325201724,0.02665535066452558,0.025567908105115663,0.025567908105115663,0.025567908105115663,0.025567908105115663,0.020529678089338033,0.025567908105115663,0.025567908105115663,0.025567908105115663,0.020529678089338033,0.020529678089338033,0.03989762528224161,0.03989762528224161,0.03989762528224161,0.02792093721704303,0.025567908105115663,0.02792093721704303,0.025567908105115663,0.025567908105115663,0.025567908105115663,0.025567908105115663,0.02924380156826552,0.02924380156826552
2016-09-30 00:00:00+00:00,0.029942695287739365,-0.004634762466884732,-0.0071906976593549094,-0.02510661741187714,-0.018090124744282548,-0.021787776255465612,-0.0071906976593549094,-0.0071906976593549094,-0.02510661741187714,-0.02510661741187714,-0.0071906976593549094,-0.0071906976593549094,-0.0071906976593549094,-0.003493046148171845,-0.0004770787968489589,-0.0004770787968489589,-0.010765413780677005,-0.02510661741187714,-0.003493046148171845,-0.003493046148171845,-0.02510661741187714,-0.02510661741187714,-0.02510661741187714,-0.009394019957990348
2016-10-31 00:00:00+00:00,0.011123896990305804,-0.01341987517459775,-0.018936915844512108,0.03104636708434253,0.03104636708434253,0.007498637726790564,0.005606856320391446,0.03104636708434253,0.03104636708434253,0.03104636708434253,0.03104636708434253,0.03104636708434253,0.03104636708434253,0.03104636708434253,0.03104636708434253,0.03104636708434253,0.009162576535949133,0.03104636708434253,0.03104636708434253,0.03104636708434253,0.03104636708434253,0.03104636708434253,0.03104636708434253,0.03104636708434253
2016-11-30 00:00:00+00:00,-0.01676482219376274,-0.030707167093027933,-0.025209368491045825,0.0004742324507468476,-0.015610630551110855,-0.04258680577121339,-0.03687678907780293,-0.04237458767978504,-0.015610630551110855,-0.015610630551110855,-0.033026846362044816,-0.033026846362044816,-0.043401692670492056,-0.043401692670492056,-0.043401692670492056,-0.027529047760062708,-0.043401692670492056,-0.0379973180474293,-0.027529047760062708,-0.05871044730383749,-0.05871044730383749,-0.027529047760062708,-0.0703778678905946,-0.0703778678905946
2016-12-30 00:00:00+00:00,0.056768109817014,0.010353070357828878,0.02321311687750523,0.02321311687750523,0.02321311687750523,0.047949956345142875,0.06981794863836617,0.02321311687750523,0.05950867379265652,0.05950867379265652,0.05950867379265652,0.06981794863836617,0.06981794863836617,0.06981794863836617,0.06981794863836617,0.06981794863836617,0.06981794863836617,0.06981794863836617,0.06981794863836617,0.06981794863836617,0.06981794863836617,0.03352239172321488,0.06981794863836617,0.06981794863836617
2017-01-31 00:00:00+00:00,0.06913570066907351,0.047422605497453064,0.0596790884911947,0.047422605497453064,0.05387239211133088,0.05387239211133088,0.05387239211133088,0.05387239211133088,0.05387239211133088,0.04924846245456793,0.03979185027668911,0.016507261559246388,0.006628275387037993,0.006628275387037993,0.016507261559246388,0.006628275387037993,0.006628275387037993,0.04399340593912248,0.03810830404941479,0.05624988893286412,0.03453679376124367,0.03453679376124367,0.03453679376124367,0.04399340593912248
2017-02-28 00:00:00+00:00,0.013220828656774986,0.022756548433391588,0.028770232853668604,0.028770232853668604,0.028770232853668604,0.028770232853668604,0.028189898473292747,0.023821518346609727,0.00695103814046812,0.028189898473292747,0.01520727131134832,0.019427783823763606,0.019427783823763606,0.00695103814046812,0.00695103814046812,0.00695103814046812,0.00695103814046812,0.00695103814046812,0.00695103814046812,0.00695103814046812,0.010247687959998936,0.00695103814046812,0.01994210226843836,0.01994210226843836
2017-03-31 00:00:00+00:00,0.033752632297628926,0.05436075135936143,0.0027415337615960267,0.0629295287230093,0.04733510218677679,0.04733510218677679,0.04733510218677679,0.04933166483679748,0.08178600230211004,0.08178600230211004,0.05800611329350073,0.05849625265832288,0.06619157576587753,0.05849625265832288,0.08178600230211004,0.08178600230211004,0.08178600230211004,0.08178600230211004,0.08178600230211004,0.08178600230211004,0.08178600230211004,0.05882596817360445,0.08178600230211004,0.08178600230211004
2017-04-28 00:00:00+00:00,-0.0018823160703416155,-0.012248827458936108,0.006454257711053308,0.0010045776734232872,0.0010566521230364802,0.014919167642886217,0.010331308998534553,0.010331308998534553,0.004225069797045918,0.02174423678821894,0.02174423678821894,0.009229382542521812,0.02174423678821894,0.02174423678821894,0.033252341730399225,0.02078530178164047,0.02078530178164047,0.02078530178164047,0.045093160055486095,0.045093160055486095,0.032626120106727344,0.03721397875107901,0.03721397875107901,0.032626120106727344
2017-05-31 00:00:00+00:00,-0.03871342940525413,-0.013348169198348542,-0.013348169198348542,-0.013348169198348542,0.017279793671516032,-0.002418198577010977,0.017279793671516032,0.0008188723847721476,0.0008188723847721476,0.004870095193061696,0.01124724126062752,0.01124724126062752,0.020523749606364272,0.027697522897506523,0.016472526798074722,0.02831916864853227,0.02831916864853227,0.02831916864853227,0.017890799772676897,0.02831916864853227,0.02831916864853227,0.021942022580966447,0.029069626309047265,0.040464002466875204
2017-06-30 00:00:00+00:00,0.021728690191465838,0.014279062281422727,0.014279062281422727,0.014279062281422727,0.014279062281422727,0.014279062281422727,0.018822811090714448,0.014279062281422727,0.034181183676974015,0.019776254105765074,0.034181183676974015,0.034181183676974015,0.034181183676974015,0.02647941908692101,0.00928246904111766,0.010326308509052619,0.00963613248142281,0.00859229301348785,0.00859229301348785,0.00963613248142281,0.013290195197222115,0.00859229301348785,0.016339297462578745,0.01886597876030205
2017-07-31 00:00:00+00:00,0.06090204429727593,0.07030132174270123,0.06212398196106712,0.06212398196106712,0.06212398196106712,0.06212398196106712,0.05337739203592995,0.05337739203592995,0.07030132174270123,0.06487963029407336,0.07030132174270123,0.05374707102268342,0.03983462143303014,0.034621187138327514,0.05374707102268342,0.042798526919961624,0.042798526919961624,0.048277179413426755,0.04306374511872413,0.04306374511872413,0.05521867089715567,0.04306374511872413,0.04306374511872413,0.04306374511872413
2017-08-31 00:00:00+00:00,-0.008750628884605833,-0.01080054230006111,0.011638061794452703,0.011638061794452703,0.014019355124974394,0.014019355124974394,0.014019355124974394,-0.004659247689736837,0.014679301834009081,0.0008248787104701745,-0.010231938021116363,-0.0071851093790950005,-0.003919619926912958,-0.0031067031354786723,-0.0031067031354786723,-0.00691773456166304,-0.006856605016713479,-0.009347741899456011,-0.01398183990235117,0.0008750160701485417,0.0008750160701485417,6.209927871425602e-05,0.0008750160701485417,-0.0037590819327466174
2017-09-29 00:00:00+00:00,-0.01427588540875365,0.016871277825201515,0.032997337519809156,0.01032087702403402,0.011729390949919722,0.0107519422616833,0.026144791715493845,0.024743058526074314,0.024743058526074314,0.026170288033906232,0.001087644553888878,0.0020583125056591323,-0.013334536948151416,-0.020410181673916356,0.0020583125056591323,0.005649910494337423,-0.00969429339954597,0.0032993535561744274,-0.020410181673916356,-0.0002922444325038631,0.003270728616681467,0.005994890491956969,0.0024032925032786787,0.02611282773336946
2017-10-31 00:00:00+00:00,0.016275274192451967,0.013097295256021027,0.06941529511660463,0.05983085590963743,0.030819102067802508,0.030819102067802508,-0.007676815295262393,-0.011974761612638551,0.0027505889561716397,0.0027505889561716397,0.017241033739561276,0.027669440135978163,0.0020161309760423998,0.0020161309760423998,0.013097295256021027,0.002526869025612536,0.002526869025612536,0.013097295256021027,0.002526869025612536,0.002526869025612536,0.002526869025612536,0.002526869025612536,0.002526869025612536,0.002526869025612536
2017-11-30 00:00:00+00:00,-0.002981675952212807,-0.009877493244700294,0.006458809457391561,0.019028747693575838,0.00847723223714203,0.01213293040108835,-0.009877493244700294,0.001375798314838323,-0.01003267274081861,0.0025372654953656655,0.011977750904970032,0.0004677440709001113,0.009908229480504478,-0.007621887362615671,-0.007621887362615671,-0.0064604201820883285,0.00847723223714203,0.002742882125181885,0.011763778898571163,0.00847723223714203,0.00847723223714203,0.00847723223714203,0.00847723223714203,0.00847723223714203
2017-12-29 00:00:00+00:00,0.03848680528043961,0.008650934238612257,0.013580259578876206,0.029019031053624723,0.0020422298461319666,0.020312266220626943,0.024352491026045493,0.024352491026045493,0.024352491026045493,0.03615589019684543,0.03615589019684543,0.03615589019684543,0.024352491026045493,0.029019031053624723,0.029019031053624723,0.029019031053624723,0.029019031053624723,0.0309821882183305,0.017879041687567043,0.029019031053624723,0.014777618458007031,0.0309821882183305,0.020312266220626943,0.007782826503571575
2018-01-31 00:00:00+00:00,0.07729509492064701,0.06900954625120422,0.0916102731695767,0.07399688429340912,0.05968170604447942,0.05968170604447942,0.056546129965894545,0.0494472577175388,0.06376243596646851,0.06376243596646851,0.05699578809547964,0.05699578809547964,0.024160612850166536,0.05699578809547964,0.024160612850166536,0.027966360747942006,0.034733008618930875,0.027966360747942006,0.03125948509852228,0.03125948509852228,0.04520965605581646,0.04090690433818378,0.04183188086728662,0.06587397017261934
2018-02-28 00:00:00+00:00,-0.05940658098666403,-0.05873688869337601,-0.06421003769116987,-0.06888117141459504,-0.06421003769116987,-0.0626595693300043,-0.06295339853258033,-0.07390318238553398,-0.0626595693300043,-0.0626595693300043,-0.0626595693300043,-0.0626595693300043,-0.0626595693300043,-0.0626595693300043,-0.0626595693300043,-0.0626595693300043,-0.06896957260837207,-0.0626595693300043,-0.06896957260837207,-0.0701992892927921,-0.0626595693300043,-0.0626595693300043,-0.06894265013420256,-0.06771293344978253
2018-03-29 00:00:00+00:00,0.014673623101430907,0.021203840517236745,0.008160828711358037,0.02570174424449116,0.00904606719295305,0.022315180101068477,0.008160828711358037,0.00904606719295305,0.009444796366333996,-0.0011915392163316385,-0.0011915392163316385,-0.0011915392163316385,-0.0011915392163316385,-0.0011915392163316385,-0.0011915392163316385,-0.0011915392163316385,-0.0011915392163316385,0.006907261568941133,-0.0011915392163316385,0.006907261568941133,0.012837411949250217,0.012837411949250217,0.006907261568941133,0.014121379604226176
2018-04-30 00:00:00+00:00,0.003963675109506681,0.03197278068745324,0.03138706366804318,0.03197278068745324,0.03197278068745324,0.02988746714309687,0.02988746714309687,0.02988746714309687,0.022693423896308424,0.02263880718783532,0.02988746714309687,0.02988746714309687,0.02988746714309687,0.02988746714309687,0.02988746714309687,0.02988746714309687,0.02988746714309687,0.02988746714309687,0.02988746714309687,0.02988746714309687,0.02988746714309687,0.02988746714309687,0.02988746714309687,0.02988746714309687
2018-05-31 00:00:00+00:00,-0.03549661461040846,-0.03588672632257298,-0.046310118740941444,0.0048767408786196675,0.0048767408786196675,0.01569024500915265,-0.039950033417945785,-0.03232901663703036,-0.04314252076756334,-0.04275240905539882,-0.07270304992765123,-0.04314252076756334,-0.029526640999577324,-0.037814007495046376,-0.037814007495046376,-0.029526640999577324,-0.029526640999577324,-0.08264078179161181,-0.029526640999577324,-0.029526640999577324,-0.029526640999577324,-0.029526640999577324,-0.039950033417945785,-0.029526640999577324
2018-06-29 00:00:00+00:00,-0.016790879242855158,-0.010138929495125142,-0.010138929495125142,-0.010138929495125142,-0.010138929495125142,-0.010138929495125142,-0.010138929495125142,-0.010138929495125142,-0.010138929495125142,-0.010138929495125142,0.01675593496721269,0.01675593496721269,-0.010138929495125142,-0.004724243560740043,-0.004724243560740043,-0.00916452843244042,-0.00916452843244042,-0.00916452843244042,-0.004724243560740043,-0.014227298438641713,-0.014227298438641713,-0.014227298438641713,0.01266756602369612,0.01266756602369612
2018-07-31 00:00:00+00:00,0.06144713998777059,0.06144713998777059,0.06144713998777059,0.06144713998777059,0.06408666196824372,0.06408666196824372,0.06408666196824372,0.06408666196824372,0.10264582093589825,0.10264582093589825,0.10264582093589825,0.10264582093589825,0.10264582093589825,0.10264582093589825,0.09709936302249604,0.09709936302249604,0.09797590814092683,0.09797590814092683,0.09797590814092683,0.1143330521271404,0.1143330521271404,0.1143330521271404,0.1143330521271404,0.1143330521271404
2018-08-31 00:00:00+00:00,-0.018398592074919007,-0.015084046396320622,-0.037553989562366774,-0.0406096311456278,-0.0406096311456278,-0.0406096311456278,-0.0406096311456278,-0.037553989562366774,-0.046916645157603,-0.058304959862574696,-0.058304959862574696,-0.058304959862574696,-0.023023795053828566,-0.046916645157603,-0.058304959862574696,-0.045200542410422664,-0.03985619880087118,-0.03985619880087118,-0.03985619880087118,-0.03985619880087118,-0.045230695303319725,-0.045200542410422664,-0.04121321587731752,-0.045200542410422664
2018-09-28 00:00:00+00:00,0.029971378952692158,0.009182156148797508,0.03931307989435184,0.0418080825410861,0.03930227262880859,0.031207212887278048,0.029971378952692158,0.03557143604748843,0.029971378952692158,0.029971378952692158,0.029971378952692158,0.04298885143913692,0.04298885143913692,0.04298885143913692,0.04298885143913692,0.04298885143913692,0.04298885143913692,0.04298171850497027,0.03331970606148271,0.03331970606148271,0.03331970606148271,0.05007514806341429,0.04298171850497027,0.05007514806341429
2018-10-31 00:00:00+00:00,-0.08255694647665837,-0.07412908482408538,-0.08820700315929722,-0.09422146760443417,0.012479559223921854,-0.0029121982519121695,-0.0029121982519121695,0.012479559223921854,0.005059924636979983,0.012479559223921854,0.012479559223921854,0.012479559223921854,0.012479559223921854,-0.019485383356637298,-0.019485383356637298,0.012479559223921854,-0.019485383356637298,-0.019485383356637298,0.018268405226935742,0.01132027909400972,0.01132027909400972,0.01132027909400972,-0.020799222497259476,0.018268405226935742
2018-11-30 00:00:00+00:00,-0.026273616061716888,0.004220796868650366,-0.0197141418673951,0.013191329535523783,0.03167175337264849,0.013191329535523783,0.013191329535523783,0.013191329535523783,0.013191329535523783,0.013191329535523783,0.013191329535523783,0.007925236343997666,-0.02498023505892122,-0.02498023505892122,-0.016804962893598598,-0.016804962893598598,-0.016804962893598598,-0.016804962893598598,-0.016804962893598598,-0.030624766105366463,-0.030624766105366463,-0.030512253193306787,-0.012031829356182076,0.014525948540452454
2018-12-31 00:00:00+00:00,-0.02007987657421843,-0.0219550311965937,-0.03145143284193612,-0.03418705516174484,-0.04139757302579761,-0.0636992748217335,-0.024690653516402424,-0.024690653516402424,-0.04139757302579761,-0.04139757302579761,-0.036663892651187455,-0.024690653516402424,-0.024690653516402424,-0.03418705516174484,-0.028506168247410035,-0.028506168247410035,-0.02377248787279988,-0.02377248787279988,-0.03326888951814229,-0.02624841667126176,-0.02624841667126176,-0.04174114433342546,-0.04218143923336755,-0.04174114433342546
2019-01-31 00:00:00+00:00,0.11826685375639466,0.09540059578319877,0.08209279410145472,0.0641236050250622,0.0705853737693501,0.09393782735400909,0.1042289348877945,0.11051502303444397,0.11051502303444397,0.09393782735400909,0.09393782735400909,0.1042289348877945,0.09393782735400909,0.08764876506124808,0.0705853737693501,0.0711959088949159,0.0711959088949159,0.06490982074826641,0.06490982074826641,0.06490982074826641,0.08667677987832766,0.08667677987832766,0.08226847469909315,0.08226847469909315
2019-02-28 00:00:00+00:00,-0.005582597069706392,0.01995250130446428,0.018174183113782643,-0.001678199149243607,-0.001678199149243607,0.01178476303108848,0.03132426873282419,0.03132426873282419,0.021941396282855408,0.03132426873282419,0.03132426873282419,0.03132426873282419,0.03132426873282419,0.029834967620440134,0.029834967620440134,0.01178476303108848,0.014155139233268093,0.014155139233268093,0.004967376914548554,0.004967376914548554,0.004967376914548554,-0.001678199149243607,0.003902711784677198,0.0053510390052093175
2019-03-29 00:00:00+00:00,-0.019496784067857337,0.019144309650651798,-0.007035195273648116,-0.004679798103116398,0.015826601566267955,0.006391203184643184,0.006391203184643184,0.006391203184643184,-0.012671079769476158,-0.0030578644149612897,-0.01700492647872346,0.0007411095967680241,-0.0001681344209789968,-0.01700492647872346,-0.01700492647872346,-0.01700492647872346,-0.0001681344209789968,0.008878380236279331,0.008878380236279331,-0.01162801943310502,-0.01162801943310502,-0.01162801943310502,0.006391203184643184,0.006391203184643184
2019-04-30 00:00:00+00:00,0.011452029781671813,0.004876110656329314,0.026784592757340724,0.015105636503386255,0.026784592757340724,0.026460690535518437,0.026460690535518437,0.040370441702152794,0.026460690535518437,0.015616112542439775,0.017453827828497803,0.026460690535518437,0.025037878726483883,0.025037878726483883,0.026460690535518437,0.026460690535518437,0.026460690535518437,0.040370441702152794,0.040370441702152794,0.018461959601141387,0.040370441702152794,0.040370441702152794,0.040370441702152794,0.040370441702152794
2019-05-31 00:00:00+00:00,-0.043625202309787274,-0.037040349438921615,-0.037040349438921615,-0.037040349438921615,-0.037040349438921615,-0.027058296928820853,-0.06502948984326536,-0.06957083644053944,-0.06957083644053944,-0.06451098562424532,-0.09183710829181287,-0.07454630896101636,-0.07454630896101636,-0.09183710829181287,-0.06718936711506698,-0.06957083644053944,-0.06957083644053944,-0.06957083644053944,-0.06957083644053944,-0.06770787133408702,-0.06770787133408702,-0.06770787133408702,-0.06770787133408702,-0.057725818823986266
2019-06-28 00:00:00+00:00,0.07636386330445721,0.06778385405026413,0.06778385405026413,0.06238341652536768,0.06394127530945651,0.05684538512222399,0.05273901693801611,0.0444227971272233,0.05229807277358356,0.05640444095779144,0.06472066076858425,0.06472066076858425,0.07365253776481546,0.07365253776481546,0.07365253776481546,0.07365253776481546,0.06472066076858425,0.05640444095779144,0.06472066076858425,0.061229949769814766,0.061229949769814766,0.04312310322907331,0.04312310322907331,0.04312310322907331
2019-07-31 00:00:00+00:00,-0.06217679657807747,-0.055309868793131704,-0.041707416097661855,-0.053774437470042916,-0.038671745767839896,-0.049462973028527236,-0.041707416097661855,-0.049462973028527236,-0.049462973028527236,-0.0461000201499863,-0.05879176770241859,-0.055309868793131704,-0.051036210771553216,-0.03976684111897869,-0.055309868793131704,-0.051036210771553216,-0.053774437470042916,-0.055309868793131704,-0.0615299944009083,-0.0615299944009083,-0.0615299944009083,-0.0615299944009083,-0.0615299944009083,-0.0615299944009083
2019-08-30 00:00:00+00:00,-0.005577802374643595,-0.004063307454819272,-0.003910899280883395,-0.013206518766606537,-0.01732897905978396,-0.003910899280883395,-0.005577802374643595,-0.018493410661125677,-0.009339751539786981,-0.005075330882225115,-0.009339751539786981,-0.009339751539786981,-0.003910899280883395,-0.016968467931749925,-0.003910899280883395,-0.003910899280883395,-0.003910899280883395,-0.01732897905978396,-0.003910899280883395,-0.009700262667821017,-0.009700262667821017,-0.009700262667821017,-0.009700262667821017,-0.009700262667821017
2019-09-30 00:00:00+00:00,0.026305401010004188,0.04406274957553362,0.05866948589009964,0.019796680013291417,0.019796680013291417,0.0354395320303551,0.05365811506722218,0.05866948589009964,0.0525308158086292,0.04468084820403802,0.04468084820403802,0.04468084820403802,0.04468084820403802,0.02946867402969955,0.02946867402969955,0.04511152604676323,0.03440341632785744,0.03440341632785744,0.03440341632785744,0.03440341632785744,0.04961559050219591,0.04511152604676323,0.04961559050219591,0.04961559050219591
2019-10-31 00:00:00+00:00,0.04851245390865166,0.05998714134986716,0.05270979425506871,0.05112894395253109,0.053801015210042914,0.053801015210042914,0.053801015210042914,0.053801015210042914,0.044112252995973655,0.04484264177723829,0.05629967332687006,0.05629967332687006,0.05629967332687006,0.05629967332687006,0.057030062108134695,0.057030062108134695,0.057030062108134695,0.057030062108134695,0.057030062108134695,0.04484264177723829,0.057030062108134695,0.057030062108134695,0.052532388069468874,0.044112252995973655
2019-11-29 00:00:00+00:00,0.016583228210281648,0.010153741052132698,-0.01604753571663531,-0.02204953426091934,-0.021239371495175255,-0.01791630891329391,-0.01791630891329391,-0.01791630891329391,-0.01791630891329391,-0.025926170963727548,-0.012335108723861786,-0.025926170963727548,-0.01932114579079025,-0.01932114579079025,-0.01932114579079025,-0.012335108723861786,-0.005505213788480196,-0.012335108723861786,-0.012335108723861786,-0.012335108723861786,-0.012335108723861786,-0.012335108723861786,-0.012335108723861786,-0.012335108723861786
2019-12-31 00:00:00+00:00,0.07372067858331206,0.07700389044223033,0.06348556295109198,0.06756312797066122,0.05946387793388311,0.04002435335476617,0.07648380033189386,0.07648380033189386,0.07648380033189386,0.08671891596411396,0.06890464040545222,0.07976701219081213,0.06890464040545222,0.07864622826674357,0.07864622826674357,0.06890464040545222,0.07864622826674357,0.07248867765409271,0.07976701219081213,0.07864622826674357,0.07976701219081213,0.07976701219081213,0.07976701219081213,0.06890464040545222
2020-01-31 00:00:00+00:00,-0.02899744136916408,-0.04884748925846708,-0.02899744136916408,-0.0551900540953848,-0.0551900540953848,-0.058365753130470724,-0.051773562001195345,-0.06282973745155203,-0.06133247226641547,-0.06579645658749678,-0.054003054058915624,-0.03732870520469855,-0.050660019311632734,-0.03886661678305159,-0.03886661678305159,-0.04217719425230744,-0.04217719425230744,-0.0579187132453333,-0.07630430690318982,-0.04838488065505523,-0.0579187132453333,-0.06971211577391445,-0.06971211577391445,-0.04179268952577986
2020-02-28 00:00:00+00:00,-0.0485485427671487,-0.046718839852004306,-0.062299289034029585,-0.046718839852004306,-0.010417627235719113,-0.062299289034029585,-0.010417627235719113,-0.040492475191780855,-0.010417627235719113,-0.016276015702027597,-0.016276015702027597,-0.016276015702027597,-0.037358152226109345,-0.06529815955399847,-0.06529815955399847,-0.08713542640219785,-0.050834213785912644,-0.050834213785912644,-0.041888747513681504,-0.02899694693771326,-0.02899694693771326,-0.02899694693771326,-0.02899694693771326,-0.034613905841862004
2020-03-31 00:00:00+00:00,-0.3271859033426779,-0.2528275128318953,-0.23997340817982446,-0.27387888094825064,-0.23997340817982446,-0.23997340817982446,-0.2549204394279382,-0.24330283960769342,-0.25776105295569657,-0.16443430589115898,-0.2303510201457589,-0.2303510201457589,-0.30261648406049857,-0.30261648406049857,-0.21540398889764517,-0.30261648406049857,-0.19501034723171615,-0.23312052189381416,-0.23312052189381416,-0.23312052189381416,-0.14978544106785832,-0.23669976980589866,-0.23312052189381416,-0.20090385325117643
2020-04-30 00:00:00+00:00,0.13383168418083385,0.10845454496560625,0.10845454496560625,0.10845454496560625,0.10845454496560625,0.10845454496560625,0.10845454496560625,0.10845454496560625,0.10845454496560625,0.13383168418083385,0.08562989791799398,0.13383168418083385,0.08562989791799398,0.1238754662853878,0.08562989791799398,0.08562989791799398,0.08562989791799398,0.1238754662853878,0.11511724015221224,0.08562989791799398,0.11511724015221224,0.1238754662853878,0.1238754662853878,0.1238754662853878
2020-05-29 00:00:00+00:00,0.0676709032592367,0.1180816626354595,0.1180816626354595,0.1180816626354595,0.1180816626354595,0.1180816626354595,0.1180816626354595,0.1180816626354595,0.1180816626354595,0.1180816626354595,0.1180816626354595,0.1180816626354595,0.1180816626354595,0.1180816626354595,0.1180816626354595,0.1180816626354595,0.1180816626354595,0.1180816626354595,0.1180816626354595,0.1180816626354595,0.1180816626354595,0.1180816626354595,0.1180816626354595,0.1180816626354595
2020-06-30 00:00:00+00:00,0.046868994512129,0.03258896171908036,0.01852081525233288,0.01852081525233288,0.01852081525233288,0.01852081525233288,0.01852081525233288,0.01852081525233288,0.01852081525233288,0.015610842352475191,0.01852081525233288,0.01852081525233288,0.01852081525233288,0.01852081525233288,0.01852081525233288,0.01852081525233288,0.01852081525233288,0.01852081525233288,0.01852081525233288,0.003626041192357026,0.003626041192357026,0.01852081525233288,0.003626041192357026,0.003626041192357026
2020-07-31 00:00:00+00:00,0.00047317347426885863,-0.010762854764349572,-0.000813070515585471,0.03791694424684366,0.03791694424684366,0.03791694424684366,0.03791694424684366,0.03791694424684366,0.03791694424684366,0.03791694424684366,0.030807122501423735,0.03791694424684366,0.03791694424684366,0.03791694424684366,0.03791694424684366,0.03791694424684366,0.03791694424684366,0.03791694424684366,0.03791694424684366,0.03791694424684366,0.0014547147215054905,0.0014547147215054905,0.0014547147215054905,0.0014547147215054905
2020-08-31 00:00:00+00:00,0.04950749945479327,0.022851574544515692,0.037025542426402915,0.037025542426402915,-0.014373875548234325,-0.014373875548234325,-0.014373875548234325,-0.007227722784620617,-0.007227722784620617,-0.014373875548234325,-0.007227722784620617,-0.007227722784620617,-0.007227722784620617,-0.014373875548234325,0.016971965600503548,-0.014373875548234325,-0.014373875548234325,-0.014373875548234325,-0.014373875548234325,-0.014373875548234325,-0.014373875548234325,0.016971965600503548,0.016971965600503548,0.016971965600503548
2020-09-30 00:00:00+00:00,-0.05276496579923639,-0.03819850558565059,-0.010119121022620728,-0.03282625955301144,-0.03819850558565059,-0.05837006235158411,-0.05837006235158411,-0.05837006235158411,-0.05837006235158411,-0.05837006235158411,-0.05837006235158411,-0.05837006235158411,-0.04767626610402216,-0.05837006235158411,-0.05837006235158411,-0.05837006235158411,-0.05837006235158411,-0.05837006235158411,-0.05837006235158411,-0.05837006235158411,-0.05837006235158411,-0.05837006235158411,-0.029706249998073548,-0.029706249998073548
2020-10-30 00:00:00+00:00,-0.03674981621083813,-0.046316807857523304,-0.039112021389968644,-0.039112021389968644,-0.04160502068308262,-0.04536962842654568,-0.012775564177519348,-0.012775564177519348,-0.012775564177519348,-0.012775564177519348,-0.012775564177519348,-0.012775564177519348,-0.012775564177519348,-0.012775564177519348,-0.012775564177519348,-0.012775564177519348,-0.012775564177519348,-0.012775564177519348,-0.012775564177519348,-0.012775564177519348,-0.012775564177519348,-0.012775564177519348,-0.012775564177519348,-0.012775564177519348
2020-11-30 00:00:00+00:00,0.14852198874921285,0.198541138513337,0.198541138513337,0.20635358135252557,0.20635358135252557,0.18494144507012625,0.18494144507012625,0.22043283622023188,0.22043283622023188,0.22043283622023188,0.22043283622023188,0.22043283622023188,0.22043283622023188,0.22043283622023188,0.21025108396897757,0.21025108396897757,0.22043283622023188,0.22043283622023188,0.22043283622023188,0.22043283622023188,0.22043283622023188,0.22043283622023188,0.21025108396897757,0.22043283622023188
2020-12-31 00:00:00+00:00,0.03945792928956019,0.026849844058955588,0.026849844058955588,0.045567157041551745,0.027072951312598754,0.023628998019750304,0.027072951312598754,0.027072951312598754,0.04101702720731411,0.04101702720731411,0.04101702720731411,0.03574527720740672,0.04102531835199589,0.04102531835199589,0.04102531835199589,0.03574527720740672,0.04102531835199589,0.03657700857111367,0.04102531835199589,0.03918923050025517,0.03474921186405473,0.04102531835199589,0.04102531835199589,0.031305258571206286
2021-01-29 00:00:00+00:00,0.005438428997381596,0.019631351017461385,0.010099203669507673,0.010099203669507673,-0.004338859237267699,-0.01130216133556472,-0.013888086441354086,-0.0031987898063055758,-0.01130216133556472,-0.04202237405332328,-0.05101550060162755,-0.05101550060162755,-0.027169000061034655,-0.04615850615036661,-0.04615850615036661,-0.04615850615036661,-0.027169000061034655,-0.03716537960206234,-0.04202237405332328,-0.03716537960206234,-0.027169000061034655,-0.03716537960206234,-0.06101188014265523,-0.06101188014265523
2021-02-26 00:00:00+00:00,-0.025940634960400367,0.016814734141127143,-0.017637211075258397,0.002155949891824587,0.00662060551537717,-0.03545861822487594,-0.02918991230519389,0.002155949891824587,0.012807886372120306,0.012807886372120306,-0.025940634960400367,-0.02889908913661502,-0.02889908913661502,-0.02889908913661502,-0.025940634960400367,-0.025940634960400367,-0.025940634960400367,-0.03106232295943271,-0.025940634960400367,-0.025940634960400367,-0.025940634960400367,-0.025940634960400367,-0.025940634960400367,-0.025940634960400367
2021-03-31 00:00:00+00:00,-0.015533648284844603,0.039175467732533775,0.039175467732533775,-0.007780269829902577,0.03016383720749808,0.03016383720749808,0.03016383720749808,0.024956994194931616,0.024956994194931616,0.01943370582795545,0.0064795202080902455,0.03570296988811768,0.04057570967611012,0.04057570967611012,0.04057570967611012,0.03570296988811768,0.03570296988811768,0.047156491000865934,0.047156491000865934,0.047156491000865934,0.03570296988811768,0.03570296988811768,0.03570296988811768,0.03570296988811768
2021-04-30 00:00:00+00:00,-0.002122758525229214,0.02578636558969253,0.02578636558969253,0.03292047687247297,-0.0021341091655589306,0.012736522670470984,0.036201173293954295,0.036201173293954295,0.036201173293954295,0.04903152404720641,0.02534138020564243,0.02534138020564243,0.05226199621804809,0.04575082762572509,0.04575082762572509,0.04575082762572509,0.05226199621804809,0.05226199621804809,0.05226199621804809,0.05226199621804809,0.05226199621804809,0.05226199621804809,0.05226199621804809,0.05226199621804809
2021-05-28 00:00:00+00:00,0.02420227475968343,0.02420227475968343,0.008129729120768703,0.028528796896756838,0.016200988376470066,0.016161967288440177,0.036561035064428316,0.021734258519555977,0.04437504979229382,0.04437504979229382,0.023856429827856813,0.022382891641608078,0.022382891641608078,0.061708577130258194,0.05210853341974034,0.05210853341974034,0.05210853341974034,0.061708577130258194,0.061708577130258194,0.04847589097035857,0.04847589097035857,0.04847589097035857,0.061708577130258194,0.061708577130258194
2021-06-30 00:00:00+00:00,-0.006232555857384174,-0.007335462642219477,-0.007335462642219477,-0.007335462642219477,-0.007335462642219477,-0.008406252786907356,-0.003075389015891032,-0.003075389015891032,-0.010950960551085872,-0.010950960551085872,-0.003075389015891032,-0.003075389015891032,-0.010220655852005564,-0.010220655852005564,-0.0028810500566107304,-0.0028810500566107304,-0.0028810500566107304,-0.0028810500566107304,-0.0032869987579809594,-0.0032869987579809594,-0.0032869987579809594,-0.0032869987579809594,-0.0032869987579809594,-0.015851489229053658
2021-07-30 00:00:00+00:00,-0.01977890886141842,-0.05473307239866783,-0.04007603185902805,-0.04622472260251028,-0.05853866034253267,-0.05853866034253267,-0.05525251524600845,-0.03470294884413013,-0.03470294884413013,-0.03436397241879589,-0.03436397241879589,-0.03404156455369134,-0.04589518754150882,-0.03404156455369134,-0.03404156455369134,-0.02250885284664983,-0.013151525142150197,-0.013151525142150197,-0.013151525142150197,-0.02250885284664983,-0.02250885284664983,-0.007332369459669421,-0.025201362054606803,-0.025201362054606803
2021-08-31 00:00:00+00:00,-0.02846683257289343,-0.008767443605933917,-0.012595346333209393,-0.011115478191435952,-0.011115478191435952,-0.011115478191435952,-0.011115478191435952,-0.0017832808723149407,-0.0072875754641604775,1.7469618119844363e-05,-0.006966693115499133,-0.017333884763337637,-0.002337303476828996,-0.002337303476828996,-0.009321466210447974,-0.009321466210447974,-0.01913463525377242,0.002672844006812373,-0.0114200085695025,-0.0114200085695025,0.002672844006812373,0.002672844006812373,0.002672844006812373,-0.013828164590176327
2021-09-30 00:00:00+00:00,-0.09107577333902439,-0.09107577333902439,-0.08327557338990728,-0.068853912866996,-0.04641755933622689,-0.04641755933622689,-0.04641755933622689,-0.04641755933622689,-0.068853912866996,-0.04491594425212238,-0.03989709030267733,-0.06863202869845904,-0.08455530430547482,-0.08957415825491988,-0.02936526715240565,-0.05810020554818736,-0.05810020554818736,-0.08327557338990728,-0.06963297890309264,-0.06963297890309264,-0.06963297890309264,-0.06963297890309264,-0.06963297890309264,-0.08327557338990728
2021-10-29 00:00:00+00:00,-0.02180788663934615,-0.03021537347062912,-0.03021537347062912,-0.03021537347062912,-0.03021537347062912,0.016885414875780436,0.016885414875780436,-0.03021537347062912,-0.03021537347062912,-0.03021537347062912,0.016885414875780436,0.04043453494641065,-0.016861290169813973,-0.0058526362863133875,-0.016861290169813973,-0.0058526362863133875,0.04124815206009616,0.04124815206009616,-0.012706369867781845,-0.01124460748184597,-0.012706369867781845,-0.012706369867781845,-0.012706369867781845,-0.012706369867781845
2021-11-30 00:00:00+00:00,-0.04099392808233859,-0.04437387151521443,-0.04437387151521443,-0.05033348605003474,-0.05033348605003474,-0.05033348605003474,-0.05033348605003474,-0.05033348605003474,-0.05033348605003474,-0.05033348605003474,-0.05033348605003474,-0.05033348605003474,-0.05033348605003474,-0.051437226061141574,-0.05628716817055812,-0.051437226061141574,-0.04805728262826573,-0.051437226061141574,-0.051437226061141574,-0.07245126622168332,-0.06814974856502572,-0.07245126622168332,-0.07245126622168332,-0.06814974856502572
2021-12-31 00:00:00+00:00,0.06093663877465934,0.04852576062311368,0.04858327664268865,0.04858327664268865,0.02111529302594184,0.03129024163210788,0.02111529302594184,0.02111529302594184,0.02111529302594184,0.02111529302594184,0.02111529302594184,0.03129024163210788,0.02111529302594184,0.02111529302594184,0.02522258534771974,0.03129024163210788,0.03129024163210788,0.03129024163210788,0.01520452415047128,0.01520452415047128,0.03129024163210788,0.08113844689111382,0.03129024163210788,0.03129024163210788
2022-01-31 00:00:00+00:00,0.00016449980782270112,-0.008272591301529611,0.03638071217079734,0.027632669396287172,0.027632669396287172,0.027632669396287172,0.027632669396287172,0.027632669396287172,0.027632669396287172,-0.0179650959662078,0.027632669396287172,0.027632669396287172,0.027632669396287172,0.027632669396287172,0.027632669396287172,0.05735357805989538,0.03949063236460815,0.05735357805989538,0.04891648695054307,0.05735357805989538,0.05735357805989538,0.04891648695054307,0.04891648695054307,0.04891648695054307
2022-02-28 00:00:00+00:00,-0.0033559984215434,-0.012673139779188713,-0.012673139779188713,-0.03181400551904804,-0.05882590000272706,-0.018215410781048935,-0.018215410781048935,-0.040718292496131826,-0.040718292496131826,-0.03181400551904804,-0.03181400551904804,-0.03181400551904804,-0.040718292496131826,-0.040718292496131826,-0.03181400551904804,-0.05882590000272706,-0.05882590000272706,-0.018215410781048935,-0.05882590000272706,-0.044147082240828674,-0.05433407302270047,-0.05433407302270047,-0.03054848750282957,-0.03054848750282957
2022-03-31 00:00:00+00:00,-0.022406472729798156,0.02183166035813063,-0.02935997938626633,-0.022406472729798156,-0.02935997938626633,-0.02935997938626633,-0.02935997938626633,-0.02935997938626633,-0.021426104623192013,-0.02935997938626633,-0.02935997938626633,-0.02935997938626633,-0.02935997938626633,-0.02935997938626633,-0.02935997938626633,-0.02935997938626633,-0.02935997938626633,-0.02755587917361187,0.02159903348739208,-0.015932687046136224,-0.015932687046136224,-0.02755587917361187,-0.019622004410537554,0.029532908250466394
2022-04-29 00:00:00+00:00,-0.08494821295732802,-0.08466161060803623,-0.08466161060803623,-0.07696872078112,-0.08466161060803623,-0.07696872078112,-0.07696872078112,-0.07696872078112,-0.07696872078112,-0.07696872078112,-0.07696872078112,-0.07696872078112,-0.07696872078112,-0.07696872078112,-0.07696872078112,-0.07696872078112,-0.07525693587090612,-0.07696872078112,-0.07696872078112,-0.07696872078112,-0.07895333411477952,-0.08499180943202003,-0.07895333411477952,-0.06467540709664528
2022-05-31 00:00:00+00:00,0.07163595775596494,0.02129997128764168,0.041569221394126256,0.03300182731741108,0.03300182731741108,0.041569221394126256,0.03044544439076935,0.030439070935075918,0.030439070935075918,0.030439070935075918,0.030439070935075918,0.030439070935075918,0.030439070935075918,0.030439070935075918,0.030439070935075918,0.030439070935075918,0.030439070935075918,0.018737214905306516,0.030439070935075918,0.03784570486909862,0.030439070935075918,0.03784570486909862,0.03044544439076935,0.03784570486909862
2022-06-30 00:00:00+00:00,-0.05118544892100607,-0.06180490357835403,-0.029566450556509596,-0.045609927321063386,-0.045609927321063386,-0.03421893723941646,-0.027215892934128884,-0.03421893723941646,-0.05586698342906992,-0.05586698342906992,-0.05586698342906992,-0.05586698342906992,-0.05586698342906992,-0.05586698342906992,-0.03982350666451614,-0.03982350666451614,-0.05586698342906992,-0.05586698342906992,-0.03982350666451614,-0.05586698342906992,-0.05586698342906992,-0.05586698342906992,-0.03421893723941646,-0.03421893723941646
2022-07-29 00:00:00+00:00,0.04822489059801338,0.07138928688331303,0.06838321574947881,0.0412627592157894,0.028890485310790526,0.0412627592157894,0.0412627592157894,0.03217365204227603,0.045731779128692265,-0.010405677051148844,-0.010405677051148844,-0.010405677051148844,-0.010405677051148844,-0.010405677051148844,-0.010405677051148844,-0.010405677051148844,-0.010405677051148844,-0.010405677051148844,-0.010405677051148844,-0.010405677051148844,-0.010405677051148844,-0.010405677051148844,-0.010405677051148844,-0.010405677051148844
2022-08-31 00:00:00+00:00,-0.019287380742687876,-0.011733715699472163,-0.05561700658261522,-0.023249174003592204,-0.007716397233368217,-0.040821638153133,-0.040821638153133,-0.031388119847714016,-0.040821638153133,-0.031388119847714016,-0.031388119847714016,-0.031388119847714016,-0.031388119847714016,-0.031388119847714016,-0.031388119847714016,-0.031388119847714016,-0.031388119847714016,-0.031388119847714016,-0.031388119847714016,-0.031388119847714016,-0.031388119847714016,-0.031388119847714016,-0.031388119847714016,-0.031388119847714016
2022-09-30 00:00:00+00:00,-0.07588176449981301,-0.10782873997121674,-0.07723656144338698,-0.10358997496743944,-0.05213657272251141,-0.10358997496743944,-0.09388294972110012,-0.10358997496743944,-0.09388294972110012,-0.09388294972110012,-0.12776939841594726,-0.12776939841594726,-0.12776939841594726,-0.12776939841594726,-0.12776939841594726,-0.12776939841594726,-0.12776939841594726,-0.12776939841594726,-0.12776939841594726,-0.12776939841594726,-0.12776939841594726,-0.12776939841594726,-0.12776939841594726,-0.12776939841594726
2022-10-31 00:00:00+00:00,-0.04772485839601807,0.06422834132335493,-0.07629299031491887,0.07419977471197506,0.07924986158657177,0.07924986158657177,-0.04772485839601807,-0.00651647697637895,-0.00651647697637895,-0.00651647697637895,-0.00651647697637895,-0.00651647697637895,-0.00651647697637895,-0.00651647697637895,-0.00651647697637895,-0.00651647697637895,-0.00651647697637895,-0.00651647697637895,-0.00651647697637895,-0.00651647697637895,-0.00651647697637895,-0.00651647697637895,-0.00651647697637895,-0.00651647697637895
2022-11-30 00:00:00+00:00,0.22392087751411474,0.22392087751411474,0.22392087751411474,0.22392087751411474,0.22392087751411474,0.22392087751411474,0.22392087751411474,0.22392087751411474,0.22392087751411474,0.20838112724579033,0.22392087751411474,0.20659257417310456,0.20540695224906763,0.20540695224906763,0.20540695224906763,0.20540695224906763,0.20540695224906763,0.20540695224906763,0.20540695224906763,0.20540695224906763,0.20540695224906763,0.20540695224906763,0.20540695224906763,0.20540695224906763
2022-12-30 00:00:00+00:00,-0.05427845586093183,0.01558768204477989,0.01558768204477989,0.018406834228565146,0.007289174512983384,0.01558768204477989,0.010619598888022403,-0.02176036532821583,-0.02827395104465495,0.005743671953301756,-0.02827395104465495,-0.016975012554430603,-0.016975012554430603,-0.015610788769391554,-0.016975012554430603,0.010619598888022403,0.010619598888022403,0.010619598888022403,0.010619598888022403,0.010619598888022403,0.010619598888022403,0.010619598888022403,-0.016975012554430603,-0.016975012554430603
2023-01-31 00:00:00+00:00,0.1188588980104194,0.09845845822403326,0.08375637778964695,0.1243863261803099,0.09852622784237026,0.0722515833315814,0.1393451027678539,0.11880396793914645,0.12774838140396452,0.11544191271549183,0.10539620540990127,0.11544191271549183,0.11544191271549183,0.11699292677379065,0.10288189411087097,0.11699292677379065,0.11699292677379065,0.11699292677379065,0.11699292677379065,0.11699292677379065,0.11699292677379065,0.10288189411087097,0.10288189411087097,0.11699292677379065
2023-02-28 00:00:00+00:00,-0.04346334294821056,-0.04137023574226021,-0.05620776348798935,-0.06961566169582947,-0.08170368682121176,-0.05399047588063784,-0.08170368682121176,-0.05594307988040666,-0.04253518167256653,-0.04286759572152458,-0.06862820266232968,-0.06862820266232968,-0.06862820266232968,-0.06862820266232968,-0.09053635084948314,-0.09275070050483857,-0.09053635084948314,-0.10417552759544971,-0.10417552759544971,-0.10417552759544971,-0.10417552759544971,-0.10417552759544971,-0.10417552759544971,-0.09275070050483857
2023-03-31 00:00:00+00:00,0.00881881474368773,-0.002471496614092258,0.025127757133874162,-0.0011514911497327123,-0.0050123114565785816,-0.002471496614092258,-0.002471496614092258,-0.002471496614092258,0.005198855376413735,0.011427809009785536,0.0011484627531817373,0.018597152790586453,0.00469784716670866,0.018597152790586453,0.018597152790586453,0.005198855376413735,0.02597744815316057,0.005198855376413735,0.005198855376413735,0.005198855376413735,0.005198855376413735,0.005198855376413735,0.005198855376413735,0.005198855376413735
2023-04-28 00:00:00+00:00,0.009186777001112588,-0.017469073143005387,-0.000995670517637234,0.011850445057046575,0.024140425009849104,0.025409167135494865,-0.000995670517637234,-0.000995670517637234,-0.000995670517637234,-0.0027841922208008407,-0.000995670517637234,-0.0027841922208008407,-0.027035118789491053,-0.027035118789491053,-0.027756019147673262,-0.01579507253178558,-0.01579507253178558,-0.01579507253178558,-0.01579507253178558,-0.01579507253178558,-0.01579507253178558,-0.01579507253178558,-0.01579507253178558,-0.01579507253178558
2023-05-31 00:00:00+00:00,-0.02835533755526587,-0.07721807131138383,-0.07721807131138383,-0.05517784352198818,-0.04272306088092296,0.006125307171601462,-0.01611209729069507,-0.05517784352198818,-0.05517784352198818,-0.0777129739859856,-0.0777129739859856,-0.05517784352198818,-0.0777129739859856,-0.04081012019633109,-0.04081012019633109,0.0028651801904772123,0.0028651801904772123,-0.04599755356564077,-0.04599755356564077,-0.04599755356564077,-0.04599755356564077,-0.04599755356564077,-0.04599755356564077,-0.04599755356564077
2023-06-30 00:00:00+00:00,0.04002857069012895,0.02032548048180501,0.024551818021997754,0.024551818021997754,0.024551818021997754,0.024551818021997754,0.051948991758977194,0.028659190655301828,0.03153330240382364,0.03153330240382364,0.03153330240382364,0.03153330240382364,0.03153330240382364,0.03153330240382364,0.03153330240382364,0.03153330240382364,0.03850116049976248,0.01359495780921649,0.01359495780921649,0.01359495780921649,0.01359495780921649,0.01359495780921649,0.01359495780921649,0.01359495780921649
2023-07-31 00:00:00+00:00,0.029468450973535083,0.06790921910017429,0.06790921910017429,0.0513091742520609,0.0513091742520609,0.0513091742520609,0.0513091742520609,0.02586262192955568,0.048547273471359155,0.0513091742520609,0.0513091742520609,0.04949687825287108,0.04949687825287108,0.0513091742520609,0.0513091742520609,0.043335818979126195,0.043335818979126195,0.05546616298252897,0.05546616298252897,0.05546616298252897,0.05546616298252897,0.05546616298252897,0.05546616298252897,0.05546616298252897
2023-08-31 00:00:00+00:00,-0.02318761378510751,-0.04549920581588847,-0.04646935334948139,-0.06227465347318565,-0.06227465347318565,-0.06227465347318565,-0.06227465347318565,-0.06227465347318565,-0.022568600373655708,-0.05605290551132876,-0.05605290551132876,-0.06227465347318565,-0.060933968202313116,-0.060933968202313116,-0.060933968202313116,-0.060933968202313116,-0.06703958792118017,-0.06703958792118017,-0.06703958792118017,-0.06703958792118017,-0.0774431330537811,-0.0774431330537811,-0.0774431330537811,-0.0774431330537811
2023-09-29 00:00:00+00:00,-0.06455393012705024,-0.040128456895289204,-0.054482288410562976,-0.046339809568756635,-0.046339809568756635,-0.05312255812372031,-0.05312255812372031,-0.05312255812372031,-0.05312255812372031,-0.03732943106173684,-0.04218710925490369,-0.05312255812372031,-0.05312255812372031,-0.05606446172006359,-0.05606446172006359,-0.05312255812372031,-0.05312255812372031,-0.05085049819674317,-0.05085049819674317,-0.06455393012705024,-0.06455393012705024,-0.06455393012705024,-0.06455393012705024,-0.06455393012705024
2023-10-31 00:00:00+00:00,-0.03571659488243646,-0.03571659488243646,-0.02914044258194233,-0.033886626985240954,-0.02300851293034874,-0.03571659488243646,-0.020977211656224643,-0.020977211656224643,-0.020977211656224643,-0.020977211656224643,-0.02674245246696601,-0.025443448482829013,-0.025443448482829013,-0.025443448482829013,-0.025443448482829013,-0.03571659488243646,-0.03571659488243646,-0.03571659488243646,-0.03571659488243646,-0.03571659488243646,-0.03571659488243646,-0.03571659488243646,-0.03571659488243646,-0.03571659488243646
2023-11-30 00:00:00+00:00,0.11131168142722281,0.08019951640085568,0.04745303837029291,0.08019951640085568,0.07570644004305478,0.04745303837029291,0.04745303837029291,0.04745303837029291,0.04745303837029291,0.04745303837029291,0.04745303837029291,0.061755413271923944,0.03746233694528356,0.04745303837029291,0.04745303837029291,0.04745303837029291,0.04745303837029291,0.04745303837029291,0.04745303837029291,0.04745303837029291,0.04745303837029291,0.04745303837029291,0.04745303837029291,0.04745303837029291
2023-12-29 00:00:00+00:00,0.03394737523297597,0.03394737523297597,0.03394737523297597,0.034979306890027255,0.034979306890027255,0.034979306890027255,0.03394737523297597,0.03394737523297597,0.042024114512436254,0.042024114512436254,0.03394737523297597,0.042024114512436254,0.030153768623251736,0.03394737523297597,0.042024114512436254,0.042024114512436254,0.030153768623251736,0.034979306890027255,0.034979306890027255,0.034979306890027255,0.034979306890027255,0.034979306890027255,0.034979306890027255,0.034979306890027255
2024-01-31 00:00:00+00:00,-0.04025757464575045,-0.037323089679697365,-0.06319025718506562,-0.037323089679697365,-0.07835487654325515,-0.07835487654325515,-0.07835487654325515,-0.06319025718506562,-0.06319025718506562,-0.06319025718506562,-0.058536095763623286,-0.06319025718506562,-0.06319025718506562,-0.05076158942824197,-0.06319025718506562,-0.05076158942824197,-0.05076158942824197,-0.05076158942824197,-0.07835487654325515,-0.07835487654325515,-0.05076158942824197,-0.07835487654325515,-0.07835487654325515,-0.07835487654325515
2024-02-29 00:00:00+00:00,0.04583772207773499,0.04583772207773499,0.03018337219648833,0.03018337219648833,0.04583772207773499,0.04583772207773499,0.04583772207773499,0.04583772207773499,0.04583772207773499,0.04583772207773499,0.04583772207773499,0.04583772207773499,0.03018337219648833,0.04583772207773499,0.03018337219648833,0.03018337219648833,0.04583772207773499,0.04583772207773499,0.04583772207773499,0.04583772207773499,0.04583772207773499,0.04583772207773499,0.04583772207773499,0.04583772207773499
2024-03-28 00:00:00+00:00,0.05253983613766159,0.007906247073051466,0.023302499255133054,-0.0059102726014916476,-0.0059102726014916476,-0.0059102726014916476,-0.0025225145302147567,-0.0025225145302147567,-0.0025225145302147567,-0.0059102726014916476,-0.0059102726014916476,-0.0059102726014916476,-0.0025225145302147567,-0.0059102726014916476,-0.0059102726014916476,-0.0059102726014916476,-0.0059102726014916476,-0.0059102726014916476,-0.0059102726014916476,-0.0025225145302147567,-0.0025225145302147567,-0.0025225145302147567,-0.0025225145302147567,-0.0025225145302147567
2024-04-30 00:00:00+00:00,0.005496322098106169,-0.014618837526746937,-0.014618837526746937,0.012228701847203333,0.029148845478545123,0.029148845478545123,0.006058767658395154,0.029148845478545123,0.0028387597572393126,0.0028387597572393126,0.029148845478545123,0.029148845478545123,0.029148845478545123,0.029148845478545123,0.029148845478545123,0.029148845478545123,0.029148845478545123,0.029148845478545123,0.029148845478545123,0.029148845478545123,0.029148845478545123,0.0028387597572393126,0.0028387597572393126,0.0028387597572393126
2024-05-31 00:00:00+00:00,0.00794091123172332,0.03017295062577337,0.007009016988108261,0.02440916480646401,0.02440916480646401,0.008648679385364325,0.05403806040360126,0.05403806040360126,0.020427146672254426,0.020427146672254426,0.020427146672254426,0.05403806040360126,0.020427146672254426,0.043191487360326214,0.020427146672254426,0.020427146672254426,0.020427146672254426,0.037146290696207375,0.008648679385364325,0.020427146672254426,0.020427146672254426,0.020427146672254426,0.020427146672254426,0.020427146672254426
2024-06-28 00:00:00+00:00,-0.0048962815449978825,-0.0048962815449978825,-0.0048962815449978825,-0.0048962815449978825,-0.0048962815449978825,-0.0048962815449978825,-0.048296388686619965,-0.048296388686619965,-0.020785634803985542,-0.017917623645982,-0.020785634803985542,-0.017917623645982,-0.017917623645982,-0.017917623645982,-0.017917623645982,-0.017917623645982,-0.017917623645982,-0.017917623645982,-0.048296388686619965,-0.048296388686619965,-0.017917623645982,-0.017917623645982,-0.017917623645982,-0.017917623645982
2024-07-31 00:00:00+00:00,0.013666811941460391,0.004276210573168737,0.011147516625199416,0.004276210573168737,0.004276210573168737,0.004276210573168737,0.0003190238616560537,0.0003190238616560537,0.0003190238616560537,0.0003190238616560537,0.0003190238616560537,0.0003190238616560537,-0.005250868816684314,-0.005250868816684314,-0.005250868816684314,-0.005250868816684314,-0.005250868816684314,-0.005250868816684314,-0.005250868816684314,0.0003190238616560537,0.0003190238616560537,0.0003190238616560537,-0.005250868816684314,-0.005250868816684314
2024-08-30 00:00:00+00:00,0.007482273244164394,0.05353000376457584,0.03813760559334134,0.01849621996349482,0.03813760559334134,0.03813760559334134,0.03813760559334134,0.05808700309324507,0.05808700309324507,0.05808700309324507,0.05808700309324507,0.05808700309324507,0.05808700309324507,0.02855859900230495,0.02855859900230495,0.02855859900230495,0.02855859900230495,0.02855859900230495,0.02855859900230495,0.02855859900230495,0.05808700309324507,0.05808700309324507,0.05808700309324507,0.02855859900230495
2024-09-19 00:00:00+00:00,0.02795814650493848,0.033774078165891806,0.048796227718789956,0.038524862652795935,0.031410356135285276,0.046432505688183426,0.046432505688183426,0.046432505688183426,0.038524862652795935,0.03748197172686906,0.048796227718789956,0.048796227718789956,0.048796227718789956,0.048796227718789956,0.03273118723996493,0.048796227718789956,0.048796227718789956,0.048796227718789956,0.03273118723996493,0.03273118723996493,0.03273118723996493,0.048796227718789956,0.03748197172686906,0.03273118723996493
